familia_id,nombre,nombre_corto,orden,color_claro,color_oscuro,descripcion
pacto_historico,Pacto Histórico y aliados,Pacto Histórico,1,#e87ba4,#d55181,"Colombia Humana-UP-MAIS, Polo Democrático y Comunes (2019) confluyen en el Pacto Histórico (2023)"
alianza_verde,Alianza Verde,Alianza Verde,2,#008300,#008300,"Partido Alianza Verde"
nuevo_liberalismo,Nuevo Liberalismo,Nuevo Liberalismo,3,#4a3aa7,#9085e9,"Bogotá para la Gente (2019) y Nuevo Liberalismo en Marcha (2023): el galanismo"
liberal,Partido Liberal,Liberal,4,#e34948,#e66767,"Partido Liberal Colombiano"
cr_mira_u,"Cambio Radical, MIRA y La U",CR · MIRA · U,5,#1baf7a,#199e70,"Listas separadas en 2019, coalición en 2023"
conservador_cjl,Conservador y Colombia Justa Libres,Cons. · CJL,6,#eda100,#c98500,"Listas separadas en 2019, coalición en 2023"
centro_democratico,Centro Democrático,Centro Democrático,7,#2a78d6,#3987e5,"Partido Centro Democrático"
salvacion_nacional,Salvación Nacional y aliados,Salvación Nacional,8,#eb6834,#d95926,"Movimiento Salvación Nacional; Bogotá Más Fuerte (2023)"
otros,Otras listas,Otras,9,#8f8d86,#8f8d86,"Listas fuera de las familias anteriores: LaRA, Dignidad & Compromiso, Con Toda por Bogotá, etc."
